{
  "swagger" : "2.0",
  "info" : {
    "title" : "consultaInformacionPolizaINS",
    "version" : "1.0.0",
    "description" : "consultaInformacionPolizaINS"
  },
  "paths" : {
    "/consultaPol" : {
      "get" : {
        "operationId" : "getConsultaPol",
        "responses" : {
          "200" : {
            "description" : "The operation was successful.",
            "schema" : {
              "type" : "string"
            }
          }
        },
        "produces" : [ "application/json" ],
        "description" : "Retrieve consultaPol",
        "parameters" : [ {
          "name" : "numPoliza",
          "in" : "query",
          "type" : "string",
          "required" : true
        } ]
      }
    }
  },
  "basePath" : "/consultainformacionpolizains/v1"
}